{
  "ents_f": 85.4306864065,
  "ents_p": 85.7239322492,
  "ents_per_type": {
    "CARDINAL": {
      "f": 85.1261620186,
      "p": 83.9554682384,
      "r": 86.32996633
    },
    "DATE": {
      "f": 85.3835521769,
      "p": 84.6522781775,
      "r": 86.1275705821
    },
    "EVENT": {
      "f": 46.7289719626,
      "p": 63.2911392405,
      "r": 37.037037037
    },
    "FAC": {
      "f": 40.0,
      "p": 34.8623853211,
      "r": 46.9135802469
    },
    "GPE": {
      "f": 91.3852950458,
      "p": 92.5831202046,
      "r": 90.2180685358
    },
    "LANGUAGE": {
      "f": 69.7674418605,
      "p": 75.0,
      "r": 65.2173913043
    },
    "LAW": {
      "f": 59.649122807,
      "p": 62.962962963,
      "r": 56.6666666667
    },
    "LOC": {
      "f": 68.3229813665,
      "p": 70.8154506438,
      "r": 66.0
    },
    "MONEY": {
      "f": 92.1865536039,
      "p": 92.9181929182,
      "r": 91.4663461538
    },
    "NORP": {
      "f": 88.9578713969,
      "p": 88.682581786,
      "r": 89.2348754448
    },
    "ORDINAL": {
      "f": 81.9366852886,
      "p": 80.0,
      "r": 83.9694656489
    },
    "ORG": {
      "f": 83.0995695042,
      "p": 83.3194096352,
      "r": 82.8808864266
    },
    "PERCENT": {
      "f": 89.95215311,
      "p": 91.8566775244,
      "r": 88.125
    },
    "PERSON": {
      "f": 90.0114810563,
      "p": 88.0239520958,
      "r": 92.0908379013
    },
    "PRODUCT": {
      "f": 32.9966329966,
      "p": 52.1276595745,
      "r": 24.1379310345
    },
    "QUANTITY": {
      "f": 71.2328767123,
      "p": 78.1954887218,
      "r": 65.4088050314
    },
    "TIME": {
      "f": 70.5882352941,
      "p": 70.1886792453,
      "r": 70.9923664122
    },
    "WORK_OF_ART": {
      "f": 42.9752066116,
      "p": 48.1481481481,
      "r": 38.8059701493
    }
  },
  "ents_r": 85.1394400045,
  "las": 89.7572754092,
  "las_per_type": {
    "acl": {
      "f": 72.182596291,
      "p": 75.6578947368,
      "r": 69.012547736
    },
    "acomp": {
      "f": 89.529035208,
      "p": 90.3553299492,
      "r": 88.717716357
    },
    "advcl": {
      "f": 67.548478233,
      "p": 68.9203354298,
      "r": 66.2301687232
    },
    "advmod": {
      "f": 85.2776018577,
      "p": 85.6065101297,
      "r": 84.9512113055
    },
    "agent": {
      "f": 91.2250217202,
      "p": 88.5328836425,
      "r": 94.0860215054
    },
    "amod": {
      "f": 91.0287743996,
      "p": 91.5748754262,
      "r": 90.4891480402
    },
    "appos": {
      "f": 68.2546749777,
      "p": 70.0960219479,
      "r": 66.5075921909
    },
    "attr": {
      "f": 91.6856728177,
      "p": 90.4294478528,
      "r": 92.9772918419
    },
    "aux": {
      "f": 98.0118311613,
      "p": 97.9464841319,
      "r": 98.0772654442
    },
    "auxpass": {
      "f": 95.9766239604,
      "p": 94.7204968944,
      "r": 97.2665148064
    },
    "case": {
      "f": 98.6335403727,
      "p": 97.927972373,
      "r": 99.3493493493
    },
    "cc": {
      "f": 83.5881753313,
      "p": 83.8244137102,
      "r": 83.3532647692
    },
    "ccomp": {
      "f": 81.7630086559,
      "p": 79.9260844194,
      "r": 83.6863543788
    },
    "compound": {
      "f": 91.3753170839,
      "p": 90.4871122761,
      "r": 92.2811316552
    },
    "conj": {
      "f": 77.4640849469,
      "p": 76.8877867328,
      "r": 78.0490874764
    },
    "csubj": {
      "f": 70.796460177,
      "p": 70.5882352941,
      "r": 71.0059171598
    },
    "csubjpass": {
      "f": 53.3333333333,
      "p": 44.4444444444,
      "r": 66.6666666667
    },
    "dative": {
      "f": 71.7827626919,
      "p": 73.9659367397,
      "r": 69.7247706422
    },
    "dep": {
      "f": 22.8172293364,
      "p": 40.329218107,
      "r": 15.9090909091
    },
    "det": {
      "f": 97.7503362269,
      "p": 97.7105145232,
      "r": 97.7901904024
    },
    "dobj": {
      "f": 93.1567503459,
      "p": 92.4513496547,
      "r": 93.8729981675
    },
    "expl": {
      "f": 98.7206823028,
      "p": 98.3014861996,
      "r": 99.1434689507
    },
    "intj": {
      "f": 64.2266824085,
      "p": 69.387755102,
      "r": 59.7802197802
    },
    "mark": {
      "f": 90.6522313177,
      "p": 90.3421052632,
      "r": 90.9644939057
    },
    "meta": {
      "f": 50.7042253521,
      "p": 94.7368421053,
      "r": 34.6153846154
    },
    "neg": {
      "f": 94.7447447447,
      "p": 94.5082376435,
      "r": 94.9824385349
    },
    "nmod": {
      "f": 64.4593166608,
      "p": 76.3772954925,
      "r": 55.7586837294
    },
    "npadvmod": {
      "f": 73.6491487787,
      "p": 76.8636539204,
      "r": 70.6927175844
    },
    "nsubj": {
      "f": 95.1398662913,
      "p": 95.530627567,
      "r": 94.7522887555
    },
    "nsubjpass": {
      "f": 92.2127987664,
      "p": 92.4265842349,
      "r": 92.0
    },
    "nummod": {
      "f": 90.8054908055,
      "p": 93.1951089846,
      "r": 88.5353535354
    },
    "oprd": {
      "f": 76.0697305864,
      "p": 81.0810810811,
      "r": 71.6417910448
    },
    "parataxis": {
      "f": 51.9948519949,
      "p": 63.9240506329,
      "r": 43.8177874187
    },
    "pcomp": {
      "f": 85.9326154915,
      "p": 85.2515506547,
      "r": 86.6246498599
    },
    "pobj": {
      "f": 96.3553084873,
      "p": 96.0694769711,
      "r": 96.6428459243
    },
    "poss": {
      "f": 97.2587609198,
      "p": 97.0346623923,
      "r": 97.4838969404
    },
    "preconj": {
      "f": 60.0,
      "p": 57.4468085106,
      "r": 62.7906976744
    },
    "predet": {
      "f": 87.2117400419,
      "p": 85.2459016393,
      "r": 89.2703862661
    },
    "prep": {
      "f": 85.9525069954,
      "p": 85.6642170718,
      "r": 86.2427438631
    },
    "prt": {
      "f": 84.8877374784,
      "p": 81.9166666667,
      "r": 88.082437276
    },
    "quantmod": {
      "f": 81.5443360204,
      "p": 85.3463587922,
      "r": 78.0666125102
    },
    "relcl": {
      "f": 77.4551971326,
      "p": 76.5768958186,
      "r": 78.3538796229
    },
    "root": {
      "f": 90.3352283866,
      "p": 89.5162856958,
      "r": 91.1692936754
    },
    "xcomp": {
      "f": 88.7738711405,
      "p": 88.2854100106,
      "r": 89.2677674085
    }
  },
  "tags_acc": 97.056555292,
  "token_acc": 99.756964111,
  "uas": 91.6570115569
}